{"count":1,"self":338.3292672,"total":1129.1978483999999,"children":{"InitializeActuators":{"count":227,"self":0.0070059,"total":0.0070059,"children":null},"InitializeSensors":{"count":227,"self":0.0133882,"total":0.0133882,"children":null},"AgentSendState":{"count":57831,"self":307.4156544,"total":310.62613669999996,"children":{"CollectObservations":{"count":57831,"self":0.2303081,"total":0.2303081,"children":null},"WriteActionMask":{"count":57831,"self":0.10308339999999999,"total":0.10308339999999999,"children":null},"RequestDecision":{"count":57831,"self":0.4749769,"total":2.8770786,"children":{"AgentInfo.ToProto":{"count":57831,"self":0.36106489999999997,"total":2.4021017,"children":{"GenerateSensorData":{"count":57831,"self":1.8210616,"total":2.0410368,"children":{"RayPerceptionSensor.Perceive":{"count":57831,"self":0.21997529999999998,"total":0.21997529999999998,"children":null}}}}}}}}},"DecideAction":{"count":57831,"self":459.7505536,"total":459.7505572,"children":null},"AgentAct":{"count":57831,"self":20.4220672,"total":20.422068,"children":null},"AgentInfo.ToProto":{"count":1355,"self":0.010370899999999999,"total":0.048431999999999996,"children":{"GenerateSensorData":{"count":1355,"self":0.0336528,"total":0.0380611,"children":{"RayPerceptionSensor.Perceive":{"count":1355,"self":0.0044082999999999995,"total":0.0044082999999999995,"children":null}}}}}},"gauges":{"CharacterBehav.CumulativeReward":{"count":1129,"max":0.5858002,"min":-2.0002,"runningAverage":0.0009722778,"value":-0.0002,"weightedAverage":0.00632391125}},"metadata":{"timer_format_version":"0.1.0","start_time_seconds":"1638727271","unity_version":"2020.3.20f1","command_line_arguments":"C:\\Program Files\\Unity\\Hub\\Editor\\2020.3.20f1\\Editor\\Unity.exe -projectpath C:\/Users\/ema-b\/Documents\/Unity\/SSB-RL -useHub -hubIPC -cloudEnvironment production -hubSessionId 51c86cc0-55d4-11ec-bcb1-614b48c783a7 -accessToken fFeVN6tg8Yerj-ANFTLAQx5lrQFk4tuzKuSlMlfhJuQ006f","communication_protocol_version":"1.5.0","com.unity.ml-agents_version":"2.0.1","scene_name":"Level 2","end_time_seconds":"1638728400"}}