{
    "name": "root",
    "gauges": {
        "MyBehavior.Policy.Entropy.mean": {
            "value": 1.7201282978057861,
            "min": 1.7201282978057861,
            "max": 2.014303207397461,
            "count": 6
        },
        "MyBehavior.Policy.Entropy.sum": {
            "value": 85696.7890625,
            "min": 70154.1484375,
            "max": 93596.703125,
            "count": 6
        },
        "MyBehavior.Step.mean": {
            "value": 499987.0,
            "min": 249993.0,
            "max": 499987.0,
            "count": 6
        },
        "MyBehavior.Step.sum": {
            "value": 499987.0,
            "min": 249993.0,
            "max": 499987.0,
            "count": 6
        },
        "MyBehavior.Policy.ExtrinsicValueEstimate.mean": {
            "value": 0.01647542603313923,
            "min": -0.6930112838745117,
            "max": 0.01647542603313923,
            "count": 6
        },
        "MyBehavior.Policy.ExtrinsicValueEstimate.sum": {
            "value": 15.009113311767578,
            "min": -424.1228942871094,
            "max": 15.009113311767578,
            "count": 6
        },
        "MyBehavior.Environment.EpisodeLength.mean": {
            "value": 168.5032679738562,
            "min": 161.82258064516128,
            "max": 238.14077669902912,
            "count": 6
        },
        "MyBehavior.Environment.EpisodeLength.sum": {
            "value": 51562.0,
            "min": 33890.0,
            "max": 51562.0,
            "count": 6
        },
        "MyBehavior.Environment.CumulativeReward.mean": {
            "value": 0.07836066032530832,
            "min": 0.019032263178979197,
            "max": 0.13188976885413561,
            "count": 6
        },
        "MyBehavior.Environment.CumulativeReward.sum": {
            "value": 23.900001399219036,
            "min": 5.900001585483551,
            "max": 34.40000130981207,
            "count": 6
        },
        "MyBehavior.Policy.ExtrinsicReward.mean": {
            "value": 0.07836066032530832,
            "min": 0.019032263178979197,
            "max": 0.13188976885413561,
            "count": 6
        },
        "MyBehavior.Policy.ExtrinsicReward.sum": {
            "value": 23.900001399219036,
            "min": 5.900001585483551,
            "max": 34.40000130981207,
            "count": 6
        },
        "MyBehavior.Losses.PolicyLoss.mean": {
            "value": 0.021558960980425278,
            "min": 0.020283422215531272,
            "max": 0.024241069344182808,
            "count": 6
        },
        "MyBehavior.Losses.PolicyLoss.sum": {
            "value": 0.1077948049021264,
            "min": 0.06085026664659381,
            "max": 0.12120534672091404,
            "count": 6
        },
        "MyBehavior.Losses.ValueLoss.mean": {
            "value": 0.010147663298994303,
            "min": 0.00826945323497057,
            "max": 0.026018906332966354,
            "count": 6
        },
        "MyBehavior.Losses.ValueLoss.sum": {
            "value": 0.050738316494971514,
            "min": 0.04134726617485285,
            "max": 0.07805671899889906,
            "count": 6
        },
        "MyBehavior.Policy.LearningRate.mean": {
            "value": 1.581357472883999e-05,
            "min": 1.581357472883999e-05,
            "max": 0.00015835164721613335,
            "count": 6
        },
        "MyBehavior.Policy.LearningRate.sum": {
            "value": 7.906787364419995e-05,
            "min": 7.906787364419995e-05,
            "max": 0.0006678374773876001,
            "count": 6
        },
        "MyBehavior.Policy.Epsilon.mean": {
            "value": 0.10527116,
            "min": 0.10527116,
            "max": 0.15278386666666668,
            "count": 6
        },
        "MyBehavior.Policy.Epsilon.sum": {
            "value": 0.5263558,
            "min": 0.4583516000000001,
            "max": 0.7226124000000004,
            "count": 6
        },
        "MyBehavior.Policy.Beta.mean": {
            "value": 0.0002730308839999999,
            "min": 0.0002730308839999999,
            "max": 0.002643914946666667,
            "count": 6
        },
        "MyBehavior.Policy.Beta.sum": {
            "value": 0.0013651544199999996,
            "min": 0.0013651544199999996,
            "max": 0.01115835876,
            "count": 6
        },
        "MyBehavior.IsTraining.mean": {
            "value": 1.0,
            "min": 1.0,
            "max": 1.0,
            "count": 6
        },
        "MyBehavior.IsTraining.sum": {
            "value": 1.0,
            "min": 1.0,
            "max": 1.0,
            "count": 6
        }
    },
    "metadata": {
        "timer_format_version": "0.1.0",
        "start_time_seconds": "1637425491",
        "python_version": "3.9.5 (default, May 18 2021, 14:42:02) [MSC v.1916 64 bit (AMD64)]",
        "command_line_arguments": "C:\\Users\\ema-b\\miniconda3\\envs\\unityenv\\Scripts\\mlagents-learn --run-id=test2 --resume",
        "mlagents_version": "0.27.0",
        "mlagents_envs_version": "0.27.0",
        "communication_protocol_version": "1.5.0",
        "pytorch_version": "1.7.1+cu110",
        "numpy_version": "1.21.2",
        "end_time_seconds": "1637426197"
    },
    "total": 705.3617518,
    "count": 1,
    "self": 0.006799699999987752,
    "children": {
        "run_training.setup": {
            "total": 0.0365974,
            "count": 1,
            "self": 0.0365974
        },
        "TrainerController.start_learning": {
            "total": 705.3183547,
            "count": 1,
            "self": 1.156301999993616,
            "children": {
                "TrainerController._reset_env": {
                    "total": 7.4835679,
                    "count": 1,
                    "self": 7.4835679
                },
                "TrainerController.advance": {
                    "total": 696.6029525000064,
                    "count": 71184,
                    "self": 1.083039900003655,
                    "children": {
                        "env_step": {
                            "total": 616.5130740999904,
                            "count": 71184,
                            "self": 367.5923147999795,
                            "children": {
                                "SubprocessEnvManager._take_step": {
                                    "total": 248.1512517999994,
                                    "count": 71184,
                                    "self": 3.2581347999980323,
                                    "children": {
                                        "TorchPolicy.evaluate": {
                                            "total": 244.89311700000135,
                                            "count": 71184,
                                            "self": 97.12556200001745,
                                            "children": {
                                                "TorchPolicy.sample_actions": {
                                                    "total": 147.7675549999839,
                                                    "count": 71184,
                                                    "self": 147.7675549999839
                                                }
                                            }
                                        }
                                    }
                                },
                                "workers": {
                                    "total": 0.7695075000114784,
                                    "count": 71184,
                                    "self": 0.0,
                                    "children": {
                                        "worker_root": {
                                            "total": 697.1743189999947,
                                            "count": 71184,
                                            "is_parallel": true,