{
    "name": "root",
    "metadata": {
        "timer_format_version": "0.1.0",
        "start_time_seconds": "1637430681",
        "python_version": "3.9.5 (default, May 18 2021, 14:42:02) [MSC v.1916 64 bit (AMD64)]",
        "command_line_arguments": "C:\\Users\\ema-b\\miniconda3\\envs\\unityenv\\Scripts\\mlagents-learn config/CharacterAgent2.yaml --run-id=test6",
        "mlagents_version": "0.27.0",
        "mlagents_envs_version": "0.27.0",
        "communication_protocol_version": "1.5.0",
        "pytorch_version": "1.7.1+cu110",
        "numpy_version": "1.21.2",
        "end_time_seconds": "1637430787"
    },
    "total": 106.3331737,
    "count": 1,
    "self": 0.006124499999984323,
    "children": {
        "run_training.setup": {
            "total": 0.08885889999999996,
            "count": 1,
            "self": 0.08885889999999996
        },
        "TrainerController.start_learning": {
            "total": 106.23819030000001,
            "count": 1,
            "self": 0.10557589999984884,
            "children": {
                "TrainerController._reset_env": {
                    "total": 12.8149246,
                    "count": 1,
                    "self": 12.8149246
                },
                "TrainerController.advance": {
                    "total": 93.22800580000018,
                    "count": 6767,
                    "self": 0.10453949999924816,
                    "children": {
                        "env_step": {
                            "total": 77.97045770000052,
                            "count": 6767,
                            "self": 55.04194410000025,
                            "children": {
                                "SubprocessEnvManager._take_step": {
                                    "total": 22.855923500000145,
                                    "count": 6767,
                                    "self": 0.30601590000053136,
                                    "children": {
                                        "TorchPolicy.evaluate": {
                                            "total": 22.549907599999614,
                                            "count": 6767,
                                            "self": 8.699306400000175,
                                            "children": {
                                                "TorchPolicy.sample_actions": {
                                                    "total": 13.850601199999439,
                                                    "count": 6767,
                                                    "self": 13.850601199999439
                                                }
                                            }
                                        }
                                    }
                                },
                                "workers": {
                                    "total": 0.072590100000129,
                                    "count": 6766,
                                    "self": 0.0,
                                    "children": {
                                        "worker_root": {
                                            "total": 94.3061767000003,
                                            "count": 6766,
                                            "is_parallel": true,
                                            "self": 45.60730270000035,
                                            "children": {
                                                "steps_from_proto": {
                                                    "total": 0.0007502999999999815,
                                                    "count": 1,
                                                    "is_parallel": true,
                                                    "self": 0.0002454000000025047,
                                                    "children": {
                                                        "_process_rank_one_or_two_observation": {
                                                            "total": 0.0005048999999974768,
                                                            "count": 4,
                                                            "is_parallel": true,
                                                            "self": 0.0005048999999974768
                                                        }
                                                    }
                                                },
                                                "UnityEnvironment.step": {
                                                    "total": 48.69812369999994,
                                                    "count": 6766,
                                                    "is_parallel": true,
                                                    "self": 1.0276045000005922,
                                                    "children": {
                                                        "UnityEnvironment._generate_step_input": {
                                                            "total": 0.9636380999993808,
                                                            "count": 6766,
                                                            "is_parallel": true,
                                                            "self": 0.9636380999993808
                                                        },
                                                        "communicator.exchange": {
                                                            "total": 43.46675799999995,
                                                            "count": 6766,
                                                            "is_parallel": true,
                                                            "self": 43.46675799999995
                                                        },
                                                        "steps_from_proto": {
                                                            "total": 3.240123100000016,
                                                            "count": 6766,
                                                            "is_parallel": true,
                                                            "self": 1.026537799999911,
                                                            "children": {
                                                                "_process_rank_one_or_two_observation": {
                                                                    "total": 2.213585300000105,
                                                                    "count": 27064,
                                                                    "is_parallel": true,
                                                                    "self": 2.213585300000105
                                                                }
                                                            }
                                                        }
                                                    }
                                                }
                                            }
                                        }
                                    }
                                }
                            }
                        },
                        "trainer_advance": {
                            "total": 15.153008600000405,
                            "count": 6766,
                            "self": 0.13030050000104154,
                            "children": {
                                "process_trajectory": {
                                    "total": 4.646741199999369,
                                    "count": 6766,
                                    "self": 4.568179899999365,